first_name,last_name,age
Jennifer,Johnson,95
Anthony,Green,69
Donna,Wilkinson,53
Eric,Cooper,60
Carl,Kelly,60
Rhonda,Huang,99
Patrick,Benton,61
Larry,Pearson,84
Gabriela,Velazquez,84
Pamela,Collins,79
Richard,Perry,50
Tina,Murray,83
Charles,Martinez,58
Sheri,Everett,88
Teresa,Raymond,58
Jeremiah,Moreno,95
Courtney,Bowen,64
Cheyenne,Craig,71
Jessica,Sanchez,86
Wanda,Baker,71
Thomas,Martin,55
Vanessa,Arellano,93
Christopher,Woodard,79
Janet,Chase,77
Christine,Anderson,89
Bryan,Clark,99
Carolyn,Gonzales,68
Eric,Johnson,94
Alexander,Parker,73
Mark,Ramos,62
Diane,Mckay,63
Brenda,Diaz,67
Cheryl,Taylor,71
Veronica,Browning,53
Joshua,Burns,71
Jeffrey,Wallace,70
John,Long,63
Katherine,Wilson,68
William,Lopez,66
Christina,Klein,63
Becky,Jefferson,84
Heidi,Richard,69
Dana,Greene,100
Debra,Andrews,78
Melissa,Paul,67
Robert,Hayes,80
Jasmine,Leon,71
Russell,Lawson,92
Cindy,Jackson,58
John,Gutierrez,84
Laura,Johnson,67
Damon,Rodriguez,50
Elizabeth,Turner,94
Anthony,Hayes,75
Jacqueline,Fowler,89
Cheryl,Huffman,66
Mary,Gomez,84
Jeffrey,Rhodes,55
Tammy,Wall,83
Michelle,Wyatt,55
John,Ochoa,89
Carlos,Johnson,53
Shelly,Mitchell,100
Eric,Ramsey,53
Melanie,Brown,97
Andrew,Brooks,91
Rachel,Novak,60
Megan,Smith,92
Donald,Ayala,56
Erica,Johnson,80
Kim,Austin,89
Mariah,Porter,75
Kyle,Baker,71
Jason,Jones,55
Jamie,Johnson,100
Sarah,Robinson,86
Scott,Lambert,59
Brooke,Gibson,86
Victoria,Watts,96
Debra,Fisher,57
Joseph,Padilla,95
John,Williams,83
Jasmine,Marks,54
Heidi,Mcintyre,53
Tracy,Spencer,55
John,Perry,60
Amber,Tucker,53
Daniel,Gibbs,88
Mary,Harvey,97
Tanya,Nguyen,66
Crystal,Pittman,93
Stephanie,Guerra,62
Kristen,Taylor,81
Laura,Watson,99
Juan,Savage,79
Michael,Matthews,56
Christopher,Mcintosh,53
Lori,Dixon,60
Jennifer,Brown,91
Kimberly,White,58
Cindy,Friedman,55
Derek,Harrison,75
Mark,Porter,51
Emily,Jackson,90
Adam,Harris,99
Kenneth,Madden,65
Michelle,Thornton,69
Trevor,Harrington,97
Sharon,Schmidt,85
Kimberly,Phelps,95
Eugene,Johnston,70
Mark,Watts,94
Aaron,Hawkins,57
